{
 "n_models": 11,
 "n_rows": 1203,
 "bootstrap_slopes": {
  "Haiku-4.5": {
   "slope": -0.1291666666666673,
   "ci_lo": -0.1916666666666673,
   "ci_hi": -0.05833333333333412,
   "se": 0.036046805873964444
  },
  "Qwen-2.5-7B": {
   "slope": -1.3381766628270185e-15,
   "ci_lo": -0.03333333333333469,
   "ci_hi": 0.03333333333333243,
   "se": 0.017891038861054927
  },
  "Mistral-7B": {
   "slope": 0.03333333333333271,
   "ci_lo": -0.016666666666667745,
   "ci_hi": 0.08749999999999908,
   "se": 0.028006319673721223
  },
  "Phi4-mini": {
   "slope": -0.013782051282053018,
   "ci_lo": -0.1334795321637439,
   "ci_hi": 0.10833333333333248,
   "se": 0.06579112745163038
  },
  "Qwen3-4B": {
   "slope": 0.008333333333333881,
   "ci_lo": -0.06666666666666568,
   "ci_hi": 0.07500000000000077,
   "se": 0.036059702414113784
  },
  "Ministral3-8B": {
   "slope": 2.940703944184557e-16,
   "ci_lo": 2.940703944184557e-16,
   "ci_hi": 2.940703944184557e-16,
   "se": 9.860761315262648e-32
  },
  "Qwen3-30B-MoE": {
   "slope": -0.037499999999998763,
   "ci_lo": -0.14166666666666472,
   "ci_hi": 0.06666666666666807,
   "se": 0.056865846949689804
  },
  "Gemma4-MoE": {
   "slope": -0.1111111111111118,
   "ci_lo": -0.21428571428571427,
   "ci_hi": 1.1762815776738227e-15,
   "se": 0.06558636929321104
  },
  "Ministral3-14B": {
   "slope": -0.3132575757575758,
   "ci_lo": -0.41296296296296403,
   "ci_hi": -0.2027777777777779,
   "se": 0.053474603723069995
  },
  "Gemma4-31B": {
   "slope": -0.3333333333333328,
   "ci_lo": -0.4901960784313726,
   "ci_hi": -0.1764705882352939,
   "se": 0.08444081736763152
  },
  "Llama-3.3-70B": {
   "slope": -0.020833333333334227,
   "ci_lo": -0.07500000000000077,
   "ci_hi": 0.012499999999999074,
   "se": 0.023262093494567527
  }
 },
 "lal_profiles": {
  "Haiku-4.5": {
   "S1": 0.03333333333333333,
   "S2": NaN,
   "S3": 0.0,
   "S4": -0.1291666666666673,
   "max_permitted_tier": "LAL-1",
   "tier": "LAL-1",
   "escalation_risk": false
  },
  "Qwen-2.5-7B": {
   "S1": 0.0,
   "S2": NaN,
   "S3": 0.0,
   "S4": -1.3381766628270185e-15,
   "max_permitted_tier": "LAL-1",
   "tier": "LAL-1",
   "escalation_risk": false
  },
  "Mistral-7B": {
   "S1": 0.05,
   "S2": NaN,
   "S3": 0.016666666666666666,
   "S4": 0.03333333333333271,
   "max_permitted_tier": "LAL-1",
   "tier": "LAL-1",
   "escalation_risk": false
  },
  "Phi4-mini": {
   "S1": 0.04201680672268908,
   "S2": NaN,
   "S3": 0.008403361344537815,
   "S4": -0.013782051282053018,
   "max_permitted_tier": "LAL-1",
   "tier": "LAL-1",
   "escalation_risk": false
  },
  "Qwen3-4B": {
   "S1": 0.14583333333333334,
   "S2": NaN,
   "S3": 0.0,
   "S4": 0.008333333333333881,
   "max_permitted_tier": "LAL-1",
   "tier": "LAL-1",
   "escalation_risk": false
  },
  "Ministral3-8B": {
   "S1": 0.0,
   "S2": NaN,
   "S3": 0.0,
   "S4": 2.940703944184557e-16,
   "max_permitted_tier": "LAL-1",
   "tier": "LAL-1",
   "escalation_risk": false
  },
  "Qwen3-30B-MoE": {
   "S1": 0.19791666666666666,
   "S2": NaN,
   "S3": 0.0,
   "S4": -0.037499999999998763,
   "max_permitted_tier": "LAL-1",
   "tier": "LAL-1",
   "escalation_risk": false
  },
  "Gemma4-MoE": {
   "S1": 0.01,
   "S2": NaN,
   "S3": 0.0,
   "S4": -0.1111111111111118,
   "max_permitted_tier": "LAL-1",
   "tier": "LAL-1",
   "escalation_risk": false
  },
  "Ministral3-14B": {
   "S1": 0.0392156862745098,
   "S2": NaN,
   "S3": 0.0,
   "S4": -0.3132575757575758,
   "max_permitted_tier": "LAL-1",
   "tier": "LAL-1",
   "escalation_risk": false
  },
  "Gemma4-31B": {
   "S1": 0.017543859649122806,
   "S2": NaN,
   "S3": 0.0,
   "S4": -0.3333333333333328,
   "max_permitted_tier": "LAL-1",
   "tier": "LAL-1",
   "escalation_risk": false
  },
  "Llama-3.3-70B": {
   "S1": 0.016666666666666666,
   "S2": NaN,
   "S3": 0.0,
   "S4": -0.020833333333334227,
   "max_permitted_tier": "LAL-1",
   "tier": "LAL-1",
   "escalation_risk": false
  }
 },
 "_redacted": "aggregate-only public copy; prompts/responses/sequences stripped (see redact_results_for_public.py)"
}